{
  "project_info": {
    "project_number": "191086101877",
    "project_id": "gettingdata-db205",
    "storage_bucket": "gettingdata-db205.appspot.com"
  },
  "client": [
    {
      "client_info": {
        "mobilesdk_app_id": "1:191086101877:android:1f96c36eae2c21b6f6bf3c",
        "android_client_info": {
          "package_name": "com.example.printer_ex"
        }
      },
      "oauth_client": [
        {
          "client_id": "191086101877-3807v910cch4h162j2vvp4o5vchup3u9.apps.googleusercontent.com",
          "client_type": 3
        }
      ],
      "api_key": [
        {
          "current_key": "AIzaSyCqji5Db8KNs4vbbkYXeHDbC5CIEu6nz1o"
        }
      ],
      "services": {
        "appinvite_service": {
          "other_platform_oauth_client": [
            {
              "client_id": "191086101877-3807v910cch4h162j2vvp4o5vchup3u9.apps.googleusercontent.com",
              "client_type": 3
            }
          ]
        }
      }
    }
  ],
  "configuration_version": "1"
}